<application>
  <component name="PhpInterpreters">
    <interpreters>
      <interpreter id="70d429c5-207e-4560-a279-6bacbcc69cdc" name="PHP 7.3.13" home="$USER_HOME$/Applications/php/bin/php" debugger_id="php.debugger.XDebug" />
    </interpreters>
  </component>
  <component name="PhpInterpretersPhpInfoCache">
    <phpInfoCache>
      <interpreter name="PHP 7.3.13">
        <phpinfo binary_type="PHP" php_cgi="$USER_HOME$/Applications/php/bin/php-cgi" php_cli="$USER_HOME$/Applications/php/bin/php" path_separator=":" version="7.3.13">
          <additional_php_ini />
          <configuration_file>$USER_HOME$/Applications/php/etc/php.ini</configuration_file>
          <configuration_options>
            <configuration_option name="include_path" value=".:/Users/yanzzchn/Applications/php/lib/php" />
          </configuration_options>
          <debuggers>
            <debugger_info debugger="xdebug" debugger_version="2.9.0">
              <debug_extensions />
            </debugger_info>
          </debuggers>
          <loaded_extensions>
            <extension name="Core" />
            <extension name="PDO" />
            <extension name="Phar" />
            <extension name="Reflection" />
            <extension name="SPL" />
            <extension name="SimpleXML" />
            <extension name="apcu" />
            <extension name="ctype" />
            <extension name="date" />
            <extension name="dom" />
            <extension name="fileinfo" />
            <extension name="filter" />
            <extension name="hash" />
            <extension name="json" />
            <extension name="libxml" />
            <extension name="pcre" />
            <extension name="pdo_sqlite" />
            <extension name="posix" />
            <extension name="session" />
            <extension name="sqlite3" />
            <extension name="standard" />
            <extension name="swoole" />
            <extension name="tokenizer" />
            <extension name="xdebug" />
            <extension name="xml" />
            <extension name="xmlreader" />
            <extension name="xmlwriter" />
          </loaded_extensions>
        </phpinfo>
      </interpreter>
    </phpInfoCache>
  </component>
</application>