<application>
  <component name="WebServers">
    <option name="servers">
      <webServer id="fbd1c021-81eb-4417-8730-f5e0cf42d15b" name="aliyun" url="http://www.yanzzchn.com">
        <fileTransfer host="47.92.237.219" port="22" rootFolder="/data/projects/www/wordpress" accessType="SFTP">
          <advancedOptions>
            <advancedOptions dataProtectionLevel="Private" passiveMode="true" shareSSLContext="true" />
          </advancedOptions>
          <option name="port" value="22" />
        </fileTransfer>
      </webServer>
    </option>
  </component>
</application>